Workbook

Sheet own_calcuations
A1: Age | B1: % | C1: mid-point | D1: avg. age | E1: % excluding 25 and below | F1: avg. age excluding 25 and below | G1: all users | H1: =addiction_by_age_SAMHSA!G2 -> 48464
A2: 12-13 | B2: =addiction_by_age_SAMHSA!G6/$H$1 -> 0.0045188181 | C2: 12.5 | D2: =C2*B2 -> 0.056485226 | G2: all users excluding 25 and below | H2: =addiction_by_age_SAMHSA!G13 -> 37044
A3: 14-15 | B3: =addiction_by_age_SAMHSA!G7/$H$1 -> 0.016280125 | C3: 14.5 | D3: =C3*B3 -> 0.23606182
A4: 16-17 | B4: =addiction_by_age_SAMHSA!G8/$H$1 -> 0.024409871 | C4: 16.5 | D4: =C4*B4 -> 0.40276288
A5: 18-20 | B5: =addiction_by_age_SAMHSA!G11/$H$1 -> 0.059652526 | C5: 19 | D5: =C5*B5 -> 1.133398
A6: 21-25 | B6: =addiction_by_age_SAMHSA!G12/$H$1 -> 0.13075685 | C6: 23 | D6: =C6*B6 -> 3.0074076
A7: 26-29 | B7: =addiction_by_age_SAMHSA!G15/$H$1 -> 0.10112661 | C7: =27 -> 27 | D7: =C7*B7 -> 2.7304185 | E7: =addiction_by_age_SAMHSA!G15/$H$2 -> 0.13230213 | F7: =E7*C7 -> 3.5721574
A8: 30-34 | B8: =addiction_by_age_SAMHSA!G16/$H$1 -> 0.115983 | C8: =32 -> 32 | D8: =C8*B8 -> 3.7114559 | E8: =addiction_by_age_SAMHSA!G16/$H$2 -> 0.15173847 | F8: =E8*C8 -> 4.8556311
A9: 35-39 | B9: =addiction_by_age_SAMHSA!G17/$H$1 -> 0.10451056 | C9: =37 -> 37 | D9: =C9*B9 -> 3.8668909 | E9: =addiction_by_age_SAMHSA!G17/$H$2 -> 0.13672929 | F9: =E9*C9 -> 5.0589839
A10: 40-44 | B10: =addiction_by_age_SAMHSA!G18/$H$1 -> 0.086992407 | C10: =42 -> 42 | D10: =C10*B10 -> 3.6536811 | E10: =addiction_by_age_SAMHSA!G18/$H$2 -> 0.1138106 | F10: =E10*C10 -> 4.7800454
A11: 45-49 | B11: =addiction_by_age_SAMHSA!G19/$H$1 -> 0.072074117 | C11: =47 -> 47 | D11: =C11*B11 -> 3.3874835 | E11: =addiction_by_age_SAMHSA!G19/$H$2 -> 0.094293273 | F11: =E11*C11 -> 4.4317838
A12: 50-54 | B12: =addiction_by_age_SAMHSA!G21/$H$1 -> 0.063738032 | C12: 52 | D12: =C12*B12 -> 3.3143777 | E12: =addiction_by_age_SAMHSA!G21/$H$2 -> 0.083387323 | F12: =E12*C12 -> 4.3361408
A13: 55-59 | B13: =addiction_by_age_SAMHSA!G22/$H$1 -> 0.059260482 | C13: 57 | D13: =C13*B13 -> 3.3778475 | E13: =addiction_by_age_SAMHSA!G22/$H$2 -> 0.077529424 | F13: =E13*C13 -> 4.4191772
A14: 60-64 | B14: =addiction_by_age_SAMHSA!G23/$H$1 -> 0.065533179 | C14: 62 | D14: =C14*B14 -> 4.0630571 | E14: =addiction_by_age_SAMHSA!G23/$H$2 -> 0.085735882 | F14: =E14*C14 -> 5.3156247
A15: 65 or Older | B15: =addiction_by_age_SAMHSA!G24/$H$1 -> 0.095122153 | C15: 70 | D15: =C15*B15 -> 6.6585507 | E15: =addiction_by_age_SAMHSA!G24/$H$2 -> 0.1244466 | F15: =E15*C15 -> 8.7112623
D16: =sum(D2:D15) -> 39.599878 | F16: =sum(F2:F15) -> 45.480807
B17: =sum(B2:B7) -> 0.3367448

Sheet addiction_by_age_SAMHSA
A1: Substance Use Disorder (2023) | B1: Table 5.3A | C1: https://www.samhsa.gov/data/sites/default/files/reports/rpt47100/NSDUHDetailedTabs2023/NSDUHDetailedTabs2023/2023-nsduh-detailed-tables-sect5pe.htm?utm_source=chatgpt.com
A2: TOTAL | B2: 27230 | C2: 27153 | D2: 29542 | E2: 28859 | F2: 48722 | G2: 48464
A3: 12-201 | B3: 4041 | C3: 3869 | D3: 2215 | E3: 2109 | F3: 5188 | G3: 5082
A4: 21 or Older1 | B4: 23189 | C4: 23284 | D4: 27326 | E4: 26750 | F4: 43534 | G4: 43381
A5: 12-17 | B5: 1813 | C5: 1780 | D5: 753 | E5: 757 | F5: 2228 | G5: 2192
A6: 12-13 | B6: 262 | C6: 196 | D6: 96a | E6: 37 | F6: 329a | G6: 219
A7: 14-15 | B7: 639 | C7: 646 | D7: 209 | E7: 272 | F7: 746 | G7: 789
A8: 16-17 | B8: 912 | C8: 938 | D8: 448 | E8: 448 | F8: 1152 | G8: 1183
A9: 18 or Older | B9: 25417 | C9: 25373 | D9: 28788 | E9: 28103 | F9: 46494 | G9: 46272
A10: 18-25 | B10: 6482 | C10: 6113 | D10: 5,689a | E10: 5123 | F10: 9669 | G10: 9228
A11: 18-20 | B11: 2228 | C11: 2089 | D11: 1462 | E11: 1353 | F11: 2960 | G11: 2891
A12: 21-25 | B12: 4254 | C12: 4024 | D12: 4227 | E12: 3770 | F12: 6709 | G12: 6337
A13: 26 or Older | B13: 18935 | C13: 19260 | D13: 23099 | E13: 22980 | F13: 36825 | G13: 37044
A14: 26-49 | B14: 12597 | C14: 12559 | D14: 14618 | E14: 14585 | F14: 23186 | G14: 23295
A15: 26-29 | B15: 2911 | C15: 2981 | D15: 3055 | E15: 2908 | F15: 4902 | G15: 4901
A16: 30-34 | B16: 3263 | C16: 2994 | D16: 3649 | E16: 3646 | F16: 5666 | G16: 5621
A17: 35-39 | B17: 2479 | C17: 2811 | D17: 3038 | E17: 3023 | F17: 4826 | G17: 5065
A18: 40-44 | B18: 2118 | C18: 1918 | D18: 2678 | E18: 2837 | F18: 4146 | G18: 4216
A19: 45-49 | B19: 1826 | C19: 1855 | D19: 2199 | E19: 2171 | F19: 3645 | G19: 3493
A20: 50 or Older | B20: 6338 | C20: 6701 | D20: 8481 | E20: 8395 | F20: 13639 | G20: 13748
A21: 50-54 | B21: 1584 | C21: 1547 | D21: 2485 | E21: 1934 | F21: 3616 | G21: 3089
A22: 55-59 | B22: 1398 | C22: 1259 | D22: 1973 | E22: 1837 | F22: 3081 | G22: 2872
... A24: 65 or Older | B24: 1833 | C24: 2235 | D24: 2344 | E24: 2682 | F24: 3929 | G24: 4610
